group,configuration,precision,recall,f1,macro_f1,token_acc,recall_seen,recall_unseen,f1_lowercased,dev_f1,best_epoch,train_time_s,params
A: architecture,RNN,0.8086,0.8477,0.8277,0.8274,0.9176,0.9136,0.7869,0.778,0.8388,10,98.4,103101
A: architecture,BiRNN,0.8782,0.8859,0.882,0.8789,0.9528,0.9376,0.8382,0.837,0.8722,9,153.7,133693
A: architecture,GRU,0.8122,0.832,0.822,0.8186,0.9232,0.9386,0.7339,0.7825,0.8334,8,128.0,161981
A: architecture,BiGRU,0.8686,0.879,0.8737,0.8703,0.9487,0.9424,0.8205,0.8186,0.8692,10,155.7,251453
A: architecture,LSTM,0.8218,0.8702,0.8453,0.8471,0.9159,0.928,0.817,0.8033,0.8579,10,102.4,191421
A: architecture,BiLSTM,0.8749,0.8785,0.8767,0.8726,0.9524,0.9338,0.8276,0.8257,0.8764,9,189.4,310333
B: preprocessing,BiLSTM + lowercase input,0.8976,0.9282,0.9127,0.9135,0.955,0.9482,0.9098,0.9164,0.9014,10,196.9,283433
B: preprocessing,BiLSTM + digit normalisation,0.9302,0.908,0.919,0.9178,0.9653,0.9597,0.8603,0.8441,0.9173,10,198.9,304733
B: preprocessing,"BiLSTM + UNK (min_freq=2, word-dropout)",0.9019,0.8974,0.8997,0.9004,0.9596,0.9309,0.8665,0.8765,0.9077,8,249.3,305033
B: preprocessing,BiLSTM + lower words + casing feature,0.8987,0.9351,0.9166,0.9146,0.9673,0.977,0.8966,0.8548,0.9137,7,105.8,291681
B: preprocessing,BiLSTM + char-CNN,0.9047,0.9347,0.9194,0.92,0.9646,0.9616,0.9098,0.88,0.9166,10,128.0,367973
B: preprocessing,BiLSTM + ALL preprocessing + char + case,0.9356,0.9489,0.9422,0.9408,0.9784,0.9789,0.9213,0.9054,0.9529,7,129.2,343351
C: capacity,2-layer BiLSTM (full pipeline),0.947,0.9535,0.9502,0.9498,0.9796,0.9683,0.9399,0.9288,0.9519,8,220.7,738615
C: capacity,BiLSTM hidden=32 (full pipeline),0.9045,0.9411,0.9224,0.9217,0.9711,0.9894,0.8966,0.8489,0.9452,9,68.8,95863
C: capacity,BiRNN (full pipeline),0.9454,0.9489,0.9472,0.9451,0.9759,0.9722,0.9275,0.9249,0.9525,8,82.1,122167
